Région;Ouvrage;Nom de l'ouvrage;Puissance max de l'ouvrage;Poste 1;Pourcentage 1;Poste 2;Pourcentage 2;Poste 3;Pourcentage 3;geom;centroid
AUVERGNE-RHÔNE-ALPES;SSSAUL31ZSSRO;LIAISON 63kV N0 1 ENVAL-ST-PIERRE-ROCHE-ST-SAUVES;16.0;SSSAU;-48.0;VOING;-47.0;;;;
AUVERGNE-RHÔNE-ALPES;GATEL;GATELLIER;12.0;AURIL;-29.0;JUSSA;-29.0;GATEL;-29.0;;
AUVERGNE-RHÔNE-ALPES;ALLE5L31CIZE;LIAISON 63kV N0 1 ALLEMENT (PORTIQUE)-CIZE;1.0;ALLE5;-64.0;PAIRE;-64.0;HAUT6;-46.0;;
BOURGOGNE-FRANCHE-COMTÉ;SARRYL61SEREI;LIAISON 225kV N0 1 SARRY-SEREIN;131.0;SEREI;-15.0;AUXER;-14.0;SAUIL;-14.0;;
BOURGOGNE-FRANCHE-COMTÉ;GISSEL32VERRE;LIAISON 63kV N0 2 GISSEY-VERREY;29.0;VERRE;37.0;GISSE;-31.0;DARCE;-14.0;;
BOURGOGNE-FRANCHE-COMTÉ;AVALLL61J.VIL;LIAISON 225kV N0 1 AVALLON - JOUX-LA-VILLE;19.0;AVALL;-59.0;C.VE5;-59.0;B.CUR;-55.0;;
BOURGOGNE-FRANCHE-COMTÉ;MARC6L31ZFONT;LIAISON 63kV N0 1 GRAY - MARCILLY - VINGEANNE;15.0;VINGE;-57.0;GRAY;-28.0;MARC6;18.0;;
BOURGOGNE-FRANCHE-COMTÉ;PACY L31TONNE;LIAISON 63kV N0 1 PACY-TONNERRE;8.0;MTBAR;18.0;VENAR;14.0;TONNE;-8.0;;
BOURGOGNE-FRANCHE-COMTÉ;CORB9L31ZPANN;LIAISON 63kV N0 1 CHATEAU-CHINON-CORBIGNY-PANNESIERE;4.0;PANNE;-71.0;C.CHI;-55.0;SSHON;-37.0;;
GRAND EST;MUREML61ZG.HA;LIAISON 225kV N0 1 MUREMONT - SAINTOIS - VINCEY;122.0;MUREM;-60.0;EPIZO;-49.0;FRONC;-37.0;;
GRAND EST;DAMERL41ZCUBR;LIAISON 90kV N0 1 CUBRY (LE) - DAMERY - VERTUS;35.0;CUBRY;-66.0;VERTU;-47.0;AULNA;-35.0;;
GRAND EST;BOUZOL31DALST;LIAISON 63kV N0 1 BOUZONVILLE-DALSTEIN;34.0;BOUZO;-54.0;BOULA;-35.0;DALST;33.0;;
GRAND EST;DIEUZL31LAND5;LIAISON 63kV N0 1 DIEUZE-LANDROFF;25.0;DIEUZ;-57.0;AMELE;-26.0;LAND5;18.0;;
GRAND EST;COMPEL31OIRY;LIAISON 63kV N0 1 COMPERTRIX-OIRY;23.0;OIRY;35.0;COMPE;-25.0;CXSSE;-9.0;;
GRAND EST;REBEUL31VESAI;LIAISON 63kV N0 1 REBEUVILLE - VESAIGNES;16.0;REBEU;39.0;VESAI;-34.0;GONCO;21.0;;
GRAND EST;SUIPPL31VOUZI;LIAISON 63kV N0 1 SUIPPES-VOUZIERS;13.0;VOUZI;-36.0;SUIPP;20.0;SSMEN;13.0;;
GRAND EST;C.SEIL31POLIS;LIAISON 63kV N0 1 CHATILLON-SUR-SEINE-POLISOT;11.0;POLIS;-46.0;SSVAU;-28.0;C.SEI;20.0;;
GRAND EST;BARBUL31N.SEI;LIAISON 63kV N0 1 BARBUISE-NOGENT-SUR-SEINE;5.0;N.SEI;-38.0;;;;;;
GRAND EST;BRIENL31CRENE;LIAISON 63kV N0 1 BRIENNE-CRENEY;3.0;BRIEN;63.0;SSDIZ;8.0;CHAN6;6.0;;
HAUTS-DE-FRANCE;PERIZL61ZCP.M;LIAISON 225kV N0 1 MONT-VARIN - PERIZET (LE) - SETIER;189.0;MTVAR;-44.0;PERIZ;34.0;SETIE;-34.0;;
HAUTS-DE-FRANCE;BXTO5L61SETIE;LIAISON 225kV N0 1 BEAUTOR(POSTE)-SETIER;101.0;SETIE;61.0;MTVAR;53.0;RIBEM;50.0;;
HAUTS-DE-FRANCE;PERTAL61ROYE;LIAISON 225kV N0 1 PERTAIN-ROYE;96.0;ROYE;36.0;PERTA;-35.0;B.MES;33.0;;
HAUTS-DE-FRANCE;H.SANL31PERTA;LIAISON 63kV N0 1 HANGEST-EN-SANTERRE - PERTAIN;29.0;H.SAN;-75.0;HARGI;-67.0;;;;
HAUTS-DE-FRANCE;CAUDIL41RUE;LIAISON 90kV N0 1 CAUDIERE-RUE;22.0;RUE;-49.0;CAUDI;26.0;ABBEV;-18.0;;
HAUTS-DE-FRANCE;SAMERL41TRING;LIAISON 90kV N0 1 SAMER-TRINGUE;20.0;TRING;-38.0;SAMER;27.0;DESVR;22.0;;
HAUTS-DE-FRANCE;CAUDIL41SORRU;LIAISON 90kV N0 1 CAUDIERE-SORRUS;18.0;CAUDI;-75.0;RUE;-48.0;ABBEV;-18.0;;
HAUTS-DE-FRANCE;RANTIL31VALES;LIAISON 63kV N0 1 RANTIGNY - VALESCOURT;15.0;RANTI;38.0;GANNE;-20.0;VALES;-20.0;;
HAUTS-DE-FRANCE;ECHINL61SORRU;LIAISON 225kV N0 1 ECHINGHEN-SORRUS;14.0;SORRU;-51.0;B.CO5;-33.0;CAUDI;-27.0;;
HAUTS-DE-FRANCE;BOHAIL31PERIZ;LIAISON 63kV N0 1 BOHAIN-PERIZET (LE);8.0;BOHAI;-40.0;TUPIG;-27.0;NOYAL;-17.0;;
HAUTS-DE-FRANCE;GUIGNL31ORMES;LIAISON 63kV N0 1 GUIGNICOURT-ORMES;6.0;GUIGN;-52.0;;;;;;
HAUTS-DE-FRANCE;PREMY;PREMY;4.0;PREMY;36.0;RIEZ;-23.0;PROV6;-23.0;;
HAUTS-DE-FRANCE;RUSSYL31V.COT;LIAISON 63kV N0 1 RUSSY - VILLERS-COTTERET;1.0;V.COT;-55.0;CHOUY;-36.0;RUSSY;19.0;;
HAUTS-DE-FRANCE;SINCEL31SOISS;LIAISON 63kV N0 1 SINCENY - SOISSONS-SAINT-PAUL;1.0;SINCE;-24.0;SOISS;15.0;VENIZ;15.0;;
NOUVELLE-AQUITAINE;AIRVAL41THOUA;LIAISON 90kV N0 1 AIRVAULT-THOUARS;11.0;THOUA;32.0;SSVAR;-24.0;AIRVA;-11.0;;
NOUVELLE-AQUITAINE;FLEACL41ROCH7;LIAISON 90kV N0 1 FLEAC-ROCHEFOUCAULD (LA);31.0;ROCH7;-60.0;LOUBE;-38.0;CHABA;-30.0;;
NOUVELLE-AQUITAINE;LUXE L41ZMANS;LIAISON 90kV N0 1 LUXE - MANSLE - NAUCLAIR;23.0;MANSL;-50.0;LUXE;48.0;NAUCL;-41.0;;
NOUVELLE-AQUITAINE;MELLEL41ZMAGD;LIAISON 90kV N0 1 LONGCHAMP (RUFFEC) - MAGDELEINE (LA) - MELLE;12.0;MELLE;39.0;MAGDE;-36.0;LONGC;-24.0;;
NOUVELLE-AQUITAINE;MINIEL41ZPIOU;LIAISON 90kV N0 1 ANCHE-VOULON - LAITIER (LE) - MINIERES (LES);1.0;MINIE;78.0;LUSIG;64.0;JAZEN;58.0;;
NOUVELLE-AQUITAINE;PAPAUL41PLAN5;LIAISON 90kV N0 1 PAPAULT-PLANCHE (LA);56.0;PLAN5;-48.0;P.MIT;36.0;MEZEA;36.0;;
NOUVELLE-AQUITAINE;BOIS5L41SSFLO;LIAISON 90kV N0 1 BOISSEUIL-ST-FLORENT;50.0;BOIS5;-58.0;AULN5;-56.0;SSANG;-32.0;;
NOUVELLE-AQUITAINE;GAREIL31ZIRAN;LIAISON 63kV N0 1 GAREIN - IRANGER (L) - ROQUEFORT;9.0;IRANG;-33.0;RQFOR;-29.0;M.MAR;-9.0;;
NOUVELLE-AQUITAINE;DAX  L31ZCOUG;LIAISON 63kV N0 1 COUGNALA - DAX - RION-DES-LANDES;46.0;R.LAN;-29.0;;;;;;
OCCITANIE;BEDARL31RUFFE;LIAISON 63kV N0 1 BEDARIEUX - LA RUFFE;14.0;RUFFE;-56.0;LODEV;-25.0;SANGO;-13.0;;
OCCITANIE;CARBOL31MURET;LIAISON 63kV N0 1 CARBONNE-MURET;26.0;CARBO;-50.0;SSJU5;-44.0;MANCI;-41.0;;
OCCITANIE;P.SIML31SEYS5;LIAISON 63kV N0 1 PORTET-ST-SIMON-SEYSSES;16.0;SEYS5;-85.0;BERAT;-51.0;CARBO;-23.0;;
OCCITANIE;MOUILL31P.SIM;LIAISON 63kV N0 1 MOUILLONNE (LA)-PORTET-ST-SIMON;14.0;MOUIL;-66.0;BOULB;-48.0;SAVE5;-36.0;;
OCCITANIE;SAVE5L31ZP.CR;LIAISON 63kV N0 1 LAFFITE - PAMIERS (S.N.C.F.) - RIVENEUVE - SAVERDUN;23.0;PEBER;-15.0;RIVEN;-12.0;MIREP;-12.0;;
OCCITANIE;GODINL31ZCAMB;LIAISON 63kV N0 1 GODIN - LARDIT - CAMBEYRAC;1.0;CAMBE;-100.0;LARDI;-100.0;TOULU;-99.0;;
OCCITANIE;LACAUL31LUZI1;LIAISON 63kV N0 1 LACAUNE-LUZIERES I;7.0;LACAU;-100.0;;;;;;
PROVENCE-ALPES-CÔTE D'AZUR;SISTEL61ZSAL6;LIAISON 225kV N0 1 SALIGNAC - SISTERON - ST-AUBAN;140.0;SISTE;-99.0;BLAUX;-98.0;CURBA;-98.0;;
PROVENCE-ALPES-CÔTE D'AZUR;SSAUBL61ZMEES;LIAISON 225kV N0 1 MEES (LES) - ORAISON - ST-AUBAN;87.0;SSAUB;-55.0;SALIG;-54.0;DIGNE;-53.0;;
PROVENCE-ALPES-CÔTE D'AZUR;SSAUBL61ZSAL6;LIAISON 225kV N0 1 SALIGNAC - SISTERON - ST-AUBAN;147.0;SALIG;-99.0;SISTE;-94.0;VENTA;-93.0;;
PAYS DE LA LOIRE;ISSE L41LOUIS;LIAISON 90kV N0 1 ISSE-LOUISFERT;3.0;ISSE;-88.0;N.ERD;-50.0;RIAIL;-49.0;;
CENTRE-VAL DE LOIRE;BOURGL42MUSSA;LIAISON 90kV N0 2 BOURG (LE)-MUSSAY;68.0;BOURG;19.0;CHAI5;15.0;VERDI;13.0;;
CENTRE-VAL DE LOIRE;DAMBRL42ZCHIC;LIAISON 90kV N0 2 DAMBRON - SARAN - TOURNOISIS;37.0;DAMBR;-55.0;TOUR9;16.0;SARAN;12.0;;
CENTRE-VAL DE LOIRE;CXNAYL41GELLA;LIAISON 90kV N0 1 CHAUNAY-GELLAINVILLE;29.0;GELLA;-68.0;MALAG;-60.0;AUNEA;-41.0;;
CENTRE-VAL DE LOIRE;SSMCEL41ZGRAI;LIAISON 90kV N0 1 LOTHIERS-MADRON (LE)-ST-MARCEL;9.0;SSMCE;-47.0;J.BOI;-35.0;EGUZO;-22.0;;
AUVERGNE-RHÔNE-ALPES;ARLY;ARLY;14.0;ARLY;-48.0;SAISI;-42.0;BVIL6;-35.0;;
AUVERGNE-RHÔNE-ALPES;LANGEL31PRATC;LIAISON 63kV N0 1 LANGEAC-PRATCLAUX;13.0;LANGE;-100.0;SALZU;-99.0;BRIOU;-99.0;;
AUVERGNE-RHÔNE-ALPES;COINDL41LANOB;LIAISON 90kV N0 1 COINDRE-LANOBRE;9.0;COIND;-50.0;LANOB;22.0;YDES;-17.0;;
BOURGOGNE-FRANCHE-COMTÉ;DARCEL61VIELM;LIAISON 225kV N0 1 DARCEY - VIELMOULIN;158.0;DARCE;-69.0;LARRE;-44.0;;;;
BOURGOGNE-FRANCHE-COMTÉ;LURE L31RONCH;LIAISON 63kV N0 1 LURE-RONCHAMP;45.0;FOUG5;-12.0;CONFL;-12.0;VESOU;-12.0;;
BOURGOGNE-FRANCHE-COMTÉ;SARRYL61VIELM;LIAISON 225kV N0 1 SARRY-VIELMOULIN;35.0;SEREI;-15.0;AUXER;-14.0;SAUIL;-14.0;;
BOURGOGNE-FRANCHE-COMTÉ;C.REGL32MARC6;LIAISON 63kV N0 2 CHAMPS-REGNAUD-MARCILLY;24.0;MARC6;-39.0;VINGE;-25.0;GRAY;-12.0;;
BOURGOGNE-FRANCHE-COMTÉ;SSBARL31VENAR;LIAISON 63kV N0 1 STE-BARBE - VENAREY;8.0;VENAR;-58.0;MTBAR;14.0;VIELM;5.0;;
BOURGOGNE-FRANCHE-COMTÉ;PACY L32TONNE;LIAISON 63kV N0 2 PACY-TONNERRE;8.0;MTBAR;18.0;VENAR;14.0;TONNE;-8.0;;
BOURGOGNE-FRANCHE-COMTÉ;DARCEL32GISSE;LIAISON 63kV N0 2 DARCEY - GISSEY;7.0;GISSE;70.0;VERRE;38.0;DARCE;-15.0;;
GRAND EST;BOULAL31SSAVO;LIAISON 63kV N0 1 BOULAY-ST-AVOLD;36.0;BOULA;-64.0;BOUZO;-47.0;DALST;-34.0;;
GRAND EST;BUIREL31LIART;LIAISON 63kV N0 1 BUIRE-LIART;23.0;LIART;-64.0;P.TER;-20.0;MOHON;-4.0;;
GRAND EST;AMELEL31DIEUZ;LIAISON 63kV N0 1 AMELECOURT - DIEUZE;16.0;DIEUZ;44.0;AMELE;-27.0;LAND5;18.0;;
GRAND EST;DUGNYL31VERDU;LIAISON 63kV N0 1 DUGNY-VERDUN;13.0;DUGNY;49.0;VERDU;-43.0;ETAI5;-26.0;;
GRAND EST;SARREL31ZHEMI;LIAISON 63kV N0 1 HEMING-RECHICOURT-LE-CHATEAU-SARREBOURG;9.0;R.CH5;-61.0;CIREY;-35.0;BIBER;-22.0;;
GRAND EST;MOULAL31ZAUB7;LIAISON 63kV N0 1 AUBRIVES - ERROUVILLE - MOULAINE;4.0;ERROU;42.0;FTOY;17.0;TUCQU;12.0;;
HAUTS-DE-FRANCE;GAVREL61MORCH;LIAISON 225kV N0 1 GAVRELLE - MORCHIES;198.0;MORCH;-41.0;D.GAR;-41.0;D.BRU;-41.0;;
HAUTS-DE-FRANCE;L.CHAL61VEZIL;LIAISON 225kV N0 1 LONG- CHAMP (LE)- VEZILLY;74.0;VEZIL;-37.0;L.CHA;29.0;BXTO5;26.0;;
HAUTS-DE-FRANCE;BXTO5;BEAUTOR (POSTE);48.0;TERGN;-41.0;MANO5;-39.0;HAYET;-39.0;;
HAUTS-DE-FRANCE;COMPIL61LATEN;LIAISON 225kV N0 1 COMPIEGNE-LATENA;33.0;COMPI;47.0;MORU;26.0;CAPEY;21.0;;
HAUTS-DE-FRANCE;GAVREL41MOFFL;LIAISON 90kV N0 1 GAVRELLE-MOFFLAINES;31.0;MOFFL;-22.0;ACHI5;-14.0;ACHIE;-14.0;;
HAUTS-DE-FRANCE;BLOCA;BLOCAUX;25.0;FOUIL;-25.0;BLOCA;-25.0;AUMAL;-25.0;;
HAUTS-DE-FRANCE;BOUE L31ZTUPI;LIAISON 63kV N0 1 BOHAIN - BOUE - TUPIGNY;22.0;TUPIG;-50.0;MORT5;32.0;BOUE;32.0;;
HAUTS-DE-FRANCE;FREVEL41ZHESD;LIAISON 90kV N0 1 FREVENT - HESDIN - SORRUS;13.0;FREVE;-52.0;DOULL;-31.0;HESDI;20.0;;
HAUTS-DE-FRANCE;GOSNAL41GUARB;LIAISON 90kV N0 1 GOSNAY-GUARBECQUE;3.0;GOSNA;31.0;MAIE;31.0;GUARB;-25.0;;
HAUTS-DE-FRANCE;CARRIL61GOUVI;LIAISON 225kV N0 1 CARRIERES-GOUVIEUX;1.0;GOUVI;58.0;CARRI;-21.0;U.MON;-13.0;;
NOUVELLE-AQUITAINE;BELLAL41I.JOU;LIAISON 90kV N0 1 BELLAC-ISLE-JOURDAIN;28.0;BELLA;39.0;I.JOU;-34.0;CHARD;-34.0;;
NOUVELLE-AQUITAINE;CHABAL41LOUBE;LIAISON 90kV N0 1 CHABANAIS-LOUBERT;42.0;LOUBE;62.0;ROCH7;40.0;CHABA;-30.0;;
NOUVELLE-AQUITAINE;COUR L41LAITI;LIAISON 90kV N0 1 COUR (LA) - LAITIER (LE);65.0;COUR;-69.0;SSSAV;-52.0;CIVRA;-53.0;;
NOUVELLE-AQUITAINE;COUR L41ZDALI;LIAISON 90kV N0 1 CIVRAY-COUR (LA)-ST-SAVIOL;66.0;SSSAV;-56.0;CIVRA;-56.0;BODUT;-44.0;;
NOUVELLE-AQUITAINE;PALANL41ZVERV;LIAISON 90kV N0 1 AIGRE-LUXE-PALANT (LE);33.0;AIGRE;-63.0;LUXE;-50.0;MANSL;-47.0;;
NOUVELLE-AQUITAINE;SSMAIL41ZJAZE;LIAISON 90kV N0 1 LUSIGNAN - ST-MAIXENT - JAZENEUIL;16.0;JAZEN;-43.0;LUSIG;-35.0;SSMAI;32.0;;
NOUVELLE-AQUITAINE;SAINTL41SSANG;LIAISON 90kV N0 1 SAINTES-ST-JEAN-D ANGELY;60.0;SSANG;-69.0;MATHA;-65.0;BOIS5;-41.0;;
NOUVELLE-AQUITAINE;BAZASL31ZCAZ5;LIAISON 63kV N0 1 BAZAS-LUXEY-CAZALIS;14.0;LUXEY;-93.0;;;;;;
NOUVELLE-AQUITAINE;M.MARL31RQFOR;LIAISON 63kV N0 1 MONT-DE-MARSAN-ROQUEFORT;13.0;RQFOR;-71.0;IRANG;-67.0;GAREI;-20.0;;
NOUVELLE-AQUITAINE;CSLJAL31ZGIRO;LIAISON 63kV N0 1 CASTELJALOUX-GUPIE-GIROUFLAT;8.0;CSLJA;-53.0;BETJA;-48.0;UNET;-24.0;;
NOUVELLE-AQUITAINE;MAGN5L41SOUTE;LIAISON 90kV N0 1 MAGNAZEIX-SOUTERRAINE (LA);15.0;MAGN5;-100.0;;;;;;
NOUVELLE-AQUITAINE;ZFORGL41ZJAUM;LIAISON 90kV N0 1 CHAUVIGNY-FERRANDE (LA)-JAUMES(LES)-MONTMORILLON;185.0;FERRA;39.0;MTMOR;-34.0;CXVIG;22.0;;
OCCITANIE;BARBOL31ZPERQ;LIAISON 63kV N0 1 BARBOTAN - NAOUTOT - PERQUIE;12.0;BARBO;-100.0;;;;;;
OCCITANIE;BEDARL31ZFAUG;LIAISON 63kV N0 1 BEDARIEUX - ESPONDEILHAN - FAUGERES;1.0;ESPO5;23.0;RUFFE;-20.0;LODEV;-12.0;;
OCCITANIE;MOREAL31SALSI;LIAISON 63kV N0 1 MOREAU-SALSIGNE;12.0;SALSI;-100.0;;;;;;
OCCITANIE;MOREAL32SALSI;LIAISON 63kV N0 2 MOREAU-SALSIGNE;7.0;SALSI;-100.0;;;;;;
OCCITANIE;SSFENL31SSGEO;LIAISON 63kV N0 1 ST-GEORGES-ST-PAUL-DE-FENOUILLET;17.0;GESSE;-58.0;NENTI;-58.0;ORLU;-58.0;;
OCCITANIE;MOISSL31ZV.A5;LIAISON 63kV N0 1 GOLFECH-MOISSAC-VALENCE D AGEN;14.0;V.AGE;-44.0;GOLFE;-44.0;;;;
PAYS DE LA LOIRE;DISTR;DISTRE;35.0;DISTR;-60.0;SAUMU;-41.0;D.FON;-41.0;;
PAYS DE LA LOIRE;CRAONL41ZASTI;LIAISON 90kV N0 1 ASTILLE-CRAON-LAVAL;31.0;CRAON;-59.0;POUAN;-33.0;ASTIL;21.0;;
PAYS DE LA LOIRE;P.MACL41SEGRE;LIAISON 90kV N0 1 PLESSIS-MACE-SEGRE;26.0;SEGRE;-56.0;FREIG;-53.0;P.MAC;21.0;;
CENTRE-VAL DE LOIRE;CORM5L41ZGRAV;LIAISON 90kV N0 1 CORMELAI - EGUZON - RAVELLE (LA);79.0;CORM5;-70.0;ROUS6;-66.0;FERRA;-32.0;;
CENTRE-VAL DE LOIRE;EGUZOL41ZGRAV;LIAISON 90kV N0 1 CORMELAI - EGUZON - RAVELLE (LA);79.0;RAVEL;-80.0;CORM5;-70.0;ROUS6;-66.0;;
CENTRE-VAL DE LOIRE;CORM5L41ROUS6;LIAISON 90kV N0 1 CORMELAI-ROUSSINES;52.0;ROUS6;-66.0;CORM5;40.0;FERRA;-32.0;;
CENTRE-VAL DE LOIRE;FERRAL41ZFORG;LIAISON 90kV N0 1 CHAUVIGNY-FERRANDE (LA)-JAUMES(LES)-MONTMORILLON;33.0;ROSNA;67.0;FERRA;67.0;ROUS6;35.0;;
CENTRE-VAL DE LOIRE;AUNEAL41VOVES;LIAISON 90kV N0 1 AUNEAU-VOVES;31.0;AUNEA;68.0;VOVES;-45.0;MALAG;20.0;;
CENTRE-VAL DE LOIRE;VLEMEL41ZCROI;LIAISON 90kV N0 1 GENEVRAIE (LA) - MUSSAY - VILLEMENT;15.0;VERDI;29.0;VLEME;-18.0;BOURG;13.0;;
CENTRE-VAL DE LOIRE;MUSSAL41VERDI;LIAISON 90kV N0 1 MUSSAY-VERDIN;15.0;VERDI;28.0;VLEME;-18.0;BOURG;12.0;;
CENTRE-VAL DE LOIRE;BLEREL41ZBZPA;LIAISON 90kV N0 1 BLERE - VALENCAY - VARENNES (-SUR-FOUZON);14.0;BLERE;-23.0;VALE9;16.0;LEVRO;16.0;;
CENTRE-VAL DE LOIRE;MAZIEL41ZTROU;LIAISON 90kV N0 1 BUIS (LES) - MARMAGNE - MAZIERES;13.0;MAZIE;29.0;DUN;17.0;BUIS;-17.0;;
CENTRE-VAL DE LOIRE;BOURGL41VERDI;LIAISON 90kV N0 1 BOURG (LE)-VERDIN;9.0;VERDI;-72.0;VLEME;-18.0;BOURG;12.0;;
CENTRE-VAL DE LOIRE;PLEUML41PREUI;LIAISON 90kV N0 1 PLEUMARTIN-PREUILLY;8.0;PREUI;-100.0;;;;;;
AUVERGNE-RHÔNE-ALPES;AOSTEL61BISSY;LIAISON 225kV N0 1 AOSTE-BISSY;5.0;YENNE;-39.0;BELLE;-39.0;MARNI;-32.0;;
AUVERGNE-RHÔNE-ALPES;VINAYL31ZSSSA;LIAISON 63kV N0 1 BEAUVOIR (CHATTE) - ST-MARCELLIN - VINAY;5.0;BXVOI;-100.0;SSMC5;-99.0;P.ROY;-56.0;;
AUVERGNE-RHÔNE-ALPES;VEN.P;VENTHON-POSTE;1.0;VENTH;-74.0;VEN.P;-74.0;VLARD;-70.0;;
AUVERGNE-RHÔNE-ALPES;ALLE5L31HAUT6;LIAISON 63kV N0 1 ALLEMENT (PORTIQUE)-HAUTERIVE;1.0;HAUT6;-46.0;AMBER;-22.0;MEXIM;-14.0;;
BOURGOGNE-FRANCHE-COMTÉ;DARCEL61ZC.SE;LIAISON 225kV N0 1 CHATILLON-SUR-SEINE - DARCEY - ROSIERES;142.0;LARRE;-52.0;C.SEI;-51.0;;;;
BOURGOGNE-FRANCHE-COMTÉ;SSELOL61VNOL;LIAISON 225kV N0 1 ST-ELOI-VIGNOL;129.0;VNOL;-52.0;CLAME;-51.0;CORB9;-50.0;;
BOURGOGNE-FRANCHE-COMTÉ;ROUSSL61SEREI;LIAISON 225kV N0 1 ROUSSON-SEREIN;49.0;ROUSS;49.0;SEREI;-15.0;AUXER;-14.0;;
BOURGOGNE-FRANCHE-COMTÉ;DARCEL31POISE;LIAISON 63kV N0 1 DARCEY - POISEUL;23.0;POISE;-100.0;;;;;;
BOURGOGNE-FRANCHE-COMTÉ;GRAY L31ZFONT;LIAISON 63kV N0 1 GRAY - MARCILLY - VINGEANNE;20.0;VINGE;-43.0;GRAY;28.0;MARC6;-18.0;;
BOURGOGNE-FRANCHE-COMTÉ;GUEUGL31ZB.LA;LIAISON 63kV N0 1 BOURBON-LANCY-GUEUGNON-SORNAT;19.0;SORNA;-95.0;B.LAN;-2.0;;;;
BOURGOGNE-FRANCHE-COMTÉ;DARCEL31GISSE;LIAISON 63kV N0 1 DARCEY - GISSEY;8.0;GISSE;70.0;VERRE;38.0;DARCE;-15.0;;
BOURGOGNE-FRANCHE-COMTÉ;NUITSL31PACY;LIAISON 63kV N0 1 NUITS (-SOUS-RAVIERES)-PACY;8.0;MTBAR;18.0;VENAR;14.0;TONNE;-8.0;;
BOURGOGNE-FRANCHE-COMTÉ;NUITSL32PACY;LIAISON 63kV N0 2 NUITS (-SOUS-RAVIERES)-PACY;8.0;MTBAR;18.0;VENAR;14.0;TONNE;-8.0;;
BOURGOGNE-FRANCHE-COMTÉ;GUEUGL31SORNA;LIAISON 63kV N0 1 GUEUGNON-SORNAT;1.0;SORNA;-5.0;B.LAN;-2.0;;;;
GRAND EST;MAROLL31ZBASI;LIAISON 63kV N0 1 BASIN-CHAUSSEE (LA)-MAROLLES;51.0;MAROL;25.0;CXSSE;-20.0;COMPE;-15.0;;
GRAND EST;PRAUTL31ROLAM;LIAISON 63kV N0 1 PRAUTHOY-ROLAMPONT;38.0;PRAUT;-100.0;;;;;;
GRAND EST;DALSTL31SSHUB;LIAISON 63kV N0 1 DALSTEIN-ST-HUBERT;30.0;DALST;-68.0;BOUZO;-52.0;BOULA;-34.0;;
GRAND EST;COMPEL31CXSSE;LIAISON 63kV N0 1 CHAUSSEE (LA)-COMPERTRIX;30.0;COMPE;-39.0;OIRY;-18.0;CXSSE;5.0;;
GRAND EST;BASS6L31CXMO5;LIAISON 63kV N0 1 BASSIGNY-CHAUMONT;28.0;BASS6;-31.0;CXMO5;23.0;M.ROI;-22.0;;
GRAND EST;LIARTL31ZV.SE;LIAISON 63kV N0 1 LIART - MOHON - POIX-TERRON;23.0;LIART;-36.0;P.TER;20.0;MOHON;4.0;;
GRAND EST;COMPEL32CXSSE;LIAISON 63kV N0 2 CHAUSSEE (LA)-COMPERTRIX;19.0;COMPE;-37.0;OIRY;-17.0;CXSSE;5.0;;
GRAND EST;CXMO5L31ROLAM;LIAISON 63kV N0 1 CHAUMONT-ROLAMPONT;18.0;CXMO5;25.0;ROLAM;-12.0;C.LAN;-12.0;;
GRAND EST;DUGNYL31ZBXZE;LIAISON 63kV N0 1 BEAUZEE-DUGNY-REVIGNY;17.0;BXZEE;-40.0;DUGNY;27.0;VERDU;23.0;;
GRAND EST;BAYARL31JOINV;LIAISON 63kV N0 1 BAYARD-JOINVILLE;16.0;BAYAR;38.0;BROUS;31.0;JOINV;-31.0;;
GRAND EST;B.DUCL31REVIG;LIAISON 63kV N0 1 BAR-LE-DUC-REVIGNY;16.0;B.DUC;-61.0;SAUDR;-30.0;SSDIZ;-11.0;;
GRAND EST;R.CH5L31ZHEMI;LIAISON 63kV N0 1 HEMING-RECHICOURT-LE-CHATEAU-SARREBOURG;9.0;R.CH5;-65.0;CIREY;-38.0;BIBER;-23.0;;
GRAND EST;CRENEL31ZMORG;LIAISON 63kV N0 1 CRENEY-LA MORGE-VENDEUVRE-SUR-BARSE;5.0;MORGE;-79.0;V.BAR;-64.0;AILLE;-40.0;;
GRAND EST;CRENEL61FRONC;LIAISON 225kV N0 1 CRENEY - FRONCLES;5.0;FRONC;47.0;EPIZO;38.0;MUREM;31.0;;
GRAND EST;BAZANL32RETHE;LIAISON 63kV N0 2 BAZANCOURT-RETHEL;4.0;RETHE;-24.0;NEPEL;-20.0;BAZAN;12.0;;
GRAND EST;AILLEL31V.BAR;LIAISON 63kV N0 1 AILLEVILLE-VENDEUVRE-SUR-BARSE;4.0;AILLE;-45.0;V.BAR;34.0;MORGE;24.0;;
GRAND EST;BIBERL31SARRE;LIAISON 63kV N0 1 BIBERKIRCH - SARREBOURG;2.0;BIBER;-78.0;CIREY;-62.0;R.CH5;-34.0;;
HAUTS-DE-FRANCE;FAMARL31ZSOLE;LIAISON 63kV N0 1 FAMARS-PERIZET (LE)-SOLESMES;26.0;SOLES;-34.0;BRIAS;-32.0;CATEA;-24.0;;
HAUTS-DE-FRANCE;SETIE;SETIER;18.0;BRUN5;-27.0;SETIE;-27.0;RIBEM;-26.0;;
HAUTS-DE-FRANCE;CERNAL31GUIGN;LIAISON 63kV N0 1 CERNAY-GUIGNICOURT;11.0;GUIGN;-48.0;;;;;;
HAUTS-DE-FRANCE;CHOUYL31ZCHOU;LIAISON 63kV N0 1 CHOUY - SAUTILLET - SOISSONS-NOTRE-DAME;9.0;CHOUY;-63.0;V.COT;-47.0;RUSSY;-20.0;;
HAUTS-DE-FRANCE;CARRIL61MORU;LIAISON 225kV N0 1 CARRIERES-MORU;3.0;CARRI;-21.0;U.MON;-13.0;BERT;-13.0;;
HAUTS-DE-FRANCE;CARRIL31VALES;LIAISON 63kV N0 1 CARRIERES - VALESCOURT;2.0;GANNE;-20.0;VALES;-20.0;BRET5;-20.0;;
HAUTS-DE-FRANCE;ESTR5L31GRAN8;LIAISON 63kV N0 1 ESTREES-GRANDFRESNOY;2.0;ESTR5;-64.0;MATZ;-22.0;RESSO;-22.0;;
NOUVELLE-AQUITAINE;BODUTL41CIVRA;LIAISON 90kV N0 1 BODUT-CIVRAY;12.0;BODUT;44.0;CIVRA;-44.0;SSSAV;-44.0;;
NOUVELLE-AQUITAINE;BODUTL41LONGC;LIAISON 90kV N0 1 BODUT-LONGCHAMP (RUFFEC);19.0;BODUT;-60.0;CIVRA;-40.0;SSSAV;-40.0;;
NOUVELLE-AQUITAINE;CHABAL41PLAUD;LIAISON 90kV N0 1 CHABANAIS-PLAUD;14.0;CHABA;71.0;LOUBE;60.0;ROCH7;40.0;;
NOUVELLE-AQUITAINE;CIVRAL41ZDALI;LIAISON 90kV N0 1 CIVRAY-COUR (LA)-ST-SAVIOL;49.0;CIVRA;-56.0;BODUT;-44.0;SSSAV;44.0;;
NOUVELLE-AQUITAINE;HOUCHL41POITI;LIAISON 90kV N0 1 HOUCHARDE(LA)-POITIERS;46.0;SSBEN;-78.0;HOUCH;-78.0;PAPAU;-65.0;;
NOUVELLE-AQUITAINE;LAITIL41PLAN5;LIAISON 90kV N0 1 LAITIER (LE) - PLANCHE (LA);57.0;PLAN5;58.0;PAPAU;39.0;MEZEA;39.0;;
NOUVELLE-AQUITAINE;SSFLOL41ZGOIS;LIAISON 90kV N0 1 GOISE-MELLE-ST-FLORENT;33.0;MELLE;-53.0;MAGDE;-28.0;LONGC;-18.0;;
NOUVELLE-AQUITAINE;HOSTEL31SAUCA;LIAISON 63kV N0 1 HOSTENS-SAUCATS;7.0;HOSTE;-73.0;BELIE;-32.0;;;;
NOUVELLE-AQUITAINE;BAZASL31LANGO;LIAISON 63kV N0 1 BAZAS-LANGON;5.0;BAZAS;-32.0;LUXEY;-26.0;LANGO;11.0;;
NOUVELLE-AQUITAINE;CANTEL31R.LAN;LIAISON 63kV N0 1 CANTEGRIT-RION DES LANDES;20.0;R.LAN;-71.0;DAX;-18.0;;;;
NOUVELLE-AQUITAINE;AUBUSL31GOUZO;LIAISON 63kV N0 1 AUBUSSON-GOUZON;16.0;GOUZO;-100.0;BOUS5;-96.0;;;;
NOUVELLE-AQUITAINE;MAUREL42V.GRA;LIAISON 90kV N0 2 MAUREIX (LE)-VILLE-SOUS-GRANGE (LA);22.0;SOUTE;-34.0;MAGN5;-33.0;BONIC;-25.0;;
OCCITANIE;CABA5L31M.NOU;LIAISON 63kV N0 1 CABANES - MAS NOU;10.0;CABA5;-100.0;;;;;;
OCCITANIE;MTREAL31ZCOND;LIAISON 63kV N0 1 CONDOM-MONTREAL-VIC-FEZENSAC;17.0;MTREA;-54.0;BRETA;-54.0;MEZIN;-39.0;;
OCCITANIE;CINTEL31MOUIL;LIAISON 63kV N0 1 CINTEGABELLE-MOUILLONNE (LA);13.0;BOULB;-49.0;SAVE5;-37.0;PEBER;-14.0;;
OCCITANIE;BOULBL31SAVE5;LIAISON 63kV N0 1 BOULBONNE - SAVERDUN;15.0;SAVE5;-37.0;PEBER;-15.0;RIVEN;-12.0;;
PROVENCE-ALPES-CÔTE D'AZUR;SISTE;SISTERON;7.0;SISTE;-77.0;LAZER;-72.0;TRESC;-65.0;;
BRETAGNE;CREDIL31ZRUNI;LIAISON 63kV N0 1 CREDIN - KERBOQUET - RABINE (LA);9.0;CREDI;-70.0;JOSSE;-29.0;MERDR;-28.0;;
PAYS DE LA LOIRE;LOUISL41N.ERD;LIAISON 90kV N0 1 LOUISFERT-NORT-SUR-ERDRE;18.0;N.ERD;-50.0;RIAIL;-50.0;ISSE;-12.0;;
PAYS DE LA LOIRE;DERVAL41LOUIS;LIAISON 90kV N0 1 DERVAL-LOUISFERT;11.0;DERVA;-100.0;;;;;;
CENTRE-VAL DE LOIRE;DAMBRL41ZB.PR;LIAISON 90kV N0 1 DAMBRON - VOVES - BOIS PRINCE (LE);89.0;B.PRI;-68.0;VOVES;-54.0;AUNEA;-33.0;;
CENTRE-VAL DE LOIRE;BONN7L41CXNAY;LIAISON 90kV N0 1 BONNEVAL-CHAUNAY;44.0;BONN7;-52.0;CTAUD;-41.0;BROU5;-30.0;;
CENTRE-VAL DE LOIRE;VENDOL41ZTERT;LIAISON 90kV N0 1 CHATEAU-RENAULT - TERTRE - VENDOME;42.0;TERTR;-67.0;C.REN;-46.0;MONNA;-23.0;;
CENTRE-VAL DE LOIRE;BXNE6L41VLEMA;LIAISON 90kV N0 1 BEAUNE-VILLEMANDEUR;31.0;BXNE6;-62.0;PITHI;-44.0;SERMA;-43.0;;
CENTRE-VAL DE LOIRE;REBO5L41VARE5;LIAISON 90kV N0 1 REBOURSIN-VARENNES (-SUR-FOUZON);22.0;REBO5;-100.0;;;;;;
AUVERGNE-RHÔNE-ALPES;RUMILL31SERRI;LIAISON 63kV N0 1 RUMILLY-SERRIERES;7.0;RUMIL;54.0;AUMON;49.0;ANGLE;-18.0;;
BOURGOGNE-FRANCHE-COMTÉ;SEREIL61ZTONN;LIAISON 225kV N0 1 JOUX-LA-VILLE - SEREIN - TONNERRE;162.0;J.VIL;-67.0;VIGNE;-67.0;AVALL;-45.0;;
BOURGOGNE-FRANCHE-COMTÉ;GRAY L31GY;LIAISON 63kV N0 1 GRAY-GY;46.0;GY;40.0;GRAY;-35.0;VINGE;-20.0;;
BOURGOGNE-FRANCHE-COMTÉ;LURE L31PUSY;LIAISON 63kV N0 1 LURE-PUSY;38.0;VESOU;-14.0;DANCE;-14.0;CHARI;-14.0;;
BOURGOGNE-FRANCHE-COMTÉ;GY   L31ZGENE;LIAISON 63kV N0 1 GENEUILLE-GY-PALENTE;37.0;GY;-64.0;GRAY;-31.0;VINGE;-18.0;;
BOURGOGNE-FRANCHE-COMTÉ;GISSEL31VERRE;LIAISON 63kV N0 1 GISSEY-VERREY;29.0;VERRE;37.0;GISSE;-31.0;DARCE;-14.0;;
BOURGOGNE-FRANCHE-COMTÉ;ANNAYL31PRELE;LIAISON 63kV N0 1 ANNAY-PRELES (LES);11.0;ANNAY;-37.0;CRAIE;-37.0;GERMI;9.0;;
BOURGOGNE-FRANCHE-COMTÉ;B.ROCL32VIELM;LIAISON 63kV N0 2 BAULME-LA-ROCHE-VIELMOULIN;5.0;VELAR;43.0;PERRI;16.0;P.BER;16.0;;
BOURGOGNE-FRANCHE-COMTÉ;VENARL31VIELM;LIAISON 63kV N0 1 VENAREY-VIELMOULIN;5.0;VENAR;-42.0;MTBAR;14.0;VIELM;5.0;;
BOURGOGNE-FRANCHE-COMTÉ;B.ROCL31VIELM;LIAISON 63kV N0 1 BAULME-LA-ROCHE-VIELMOULIN;4.0;B.ROC;74.0;KIR;36.0;PERRI;15.0;;
GRAND EST;DAMER;DAMERY;73.0;DAMER;73.0;CUBRY;65.0;VERTU;46.0;;
GRAND EST;SAUL5;SAULNOIS;27.0;AMELE;-72.0;DIEUZ;-43.0;LAND5;-18.0;;
GRAND EST;GONCOL31VITTE;LIAISON 63kV N0 1 GONCOURT-VITTEL;23.0;GONCO;-50.0;REBEU;-38.0;VESAI;-23.0;;
GRAND EST;AILLEL31FRONC;LIAISON 63kV N0 1 AILLEVILLE-FRONCLES;20.0;AILLE;-54.0;V.BAR;-33.0;MORGE;-23.0;;
GRAND EST;CHAN6L31HOUDE;LIAISON 63kV N0 1 CHANCENAY-HOUDELAINCOURT;17.0;HOUDE;-100.0;;;;;;
GRAND EST;MAROLL61REVIG;LIAISON 225kV N0 1 MAROLLES - REVIGNY;11.0;MAROL;-55.0;REVIG;15.0;CHAN6;14.0;;
GRAND EST;P.TERL31ZV.SE;LIAISON 63kV N0 1 LIART - MOHON - POIX-TERRON;9.0;LIART;-35.0;P.TER;20.0;MOHON;4.0;;
GRAND EST;ERROUL31FTOY;LIAISON 63kV N0 1 ERROUVILLE-FONTOY;9.0;ERROU;-57.0;FTOY;17.0;TUCQU;13.0;;
GRAND EST;V.BARL31ZMORG;LIAISON 63kV N0 1 CRENEY-LA MORGE-VENDEUVRE-SUR-BARSE;4.0;V.BAR;-68.0;AILLE;-42.0;MORGE;22.0;;
GRAND EST;BRIENL31SSDIZ;LIAISON 63kV N0 1 BRIENNE-ST-DIZIER;2.0;BRIEN;40.0;SSDIZ;-9.0;BROUS;-6.0;;
GRAND EST;CHAN6L31ZT.BA;LIAISON 63kV N0 1 CHANCENAY - LIGNY-EN-BARROIS - RHOVYL;1.0;RHOVY;-61.0;L.BAR;-48.0;CHAN6;1.0;;
HAUTS-DE-FRANCE;SETIEL61ZCP.M;LIAISON 225kV N0 1 MONT-VARIN - PERIZET (LE) - SETIER;144.0;MTVAR;57.0;PERIZ;35.0;SETIE;-34.0;;
HAUTS-DE-FRANCE;ACHIEL41MOFFL;LIAISON 90kV N0 1 ACHIET-MOFFLAINES;46.0;ACHI5;-55.0;ACHIE;-55.0;ALBE5;-26.0;;
HAUTS-DE-FRANCE;SORRUL41TRING;LIAISON 90kV N0 1 SORRUS-TRINGUE;33.0;TRING;64.0;SAMER;28.0;DESVR;22.0;;
HAUTS-DE-FRANCE;PERIZ;PERIZET (LE);32.0;PERIZ;-30.0;CAUDR;-22.0;CAMBR;-19.0;;
HAUTS-DE-FRANCE;AMIENL62ARGOE;LIAISON 225kV N0 2 AMIENS - ARGOEUVES;22.0;AMIEN;71.0;VICOG;56.0;A.COM;37.0;;
HAUTS-DE-FRANCE;HAM  L31ROISE;LIAISON 63kV N0 1 HAM-ROISEL;12.0;ROISE;-41.0;HAM;21.0;GAUC5;-11.0;;
HAUTS-DE-FRANCE;BLOCAL61LIMEU;LIAISON 225kV N0 1 BLOCAUX - LIMEUX;11.0;BLOCA;-50.0;FOUIL;-43.0;AUMAL;-43.0;;
HAUTS-DE-FRANCE;NOYALL31SETIE;LIAISON 63kV N0 1 NOYALES - SETIER;9.0;NOYAL;-72.0;BOHAI;-36.0;TUPIG;-24.0;;
HAUTS-DE-FRANCE;BXTO5L31HAM;LIAISON 63kV N0 1 BEAUTOR(POSTE)-HAM;5.0;HAM;42.0;ROISE;21.0;BXTO5;-10.0;;
NORMANDIE;AUMALL41BLOCA;LIAISON 90kV N0 1 AUMALE-BLOCAUX;2.0;AUMAL;-100.0;;;;;;
NOUVELLE-AQUITAINE;THOUAL41ZMERO;LIAISON 90kV N0 1 DISTRE-MERON-THOUARS;18.0;THOUA;-33.0;MERON;32.0;AIRVA;-11.0;;
NOUVELLE-AQUITAINE;CONF6L41SSJUN;LIAISON 90kV N0 1 CONFOLENS-ST-JUNIEN;91.0;CONF6;-59.0;LONGC;-18.0;NAUCL;-16.0;;
NOUVELLE-AQUITAINE;CPNACL41SSJUN;LIAISON 90kV N0 1 CHAMPAGNAC-ST-JUNIEN;21.0;CPNAC;-60.0;SSVI6;-34.0;AUREN;-18.0;;
NOUVELLE-AQUITAINE;HOUCHL41PAPAU;LIAISON 90kV N0 1 HOUCHARDE(LA)-PAPAULT;48.0;PAPAU;-68.0;MEZEA;-68.0;P.MIT;-68.0;;
NOUVELLE-AQUITAINE;MELLEL41ZGOIS;LIAISON 90kV N0 1 GOISE-MELLE-ST-FLORENT;33.0;MELLE;-64.0;MAGDE;-33.0;LONGC;-22.0;;
NOUVELLE-AQUITAINE;SSMAIL41ZCHA9;LIAISON 90kV N0 1 NIORT - SAINT-MAIXENT - TREVIN;22.0;SSMAI;-72.0;M.HER;-71.0;JAZEN;-37.0;;
NOUVELLE-AQUITAINE;BOIS5L41SSANG;LIAISON 90kV N0 1 BOISSEUIL-ST-JEAN-D ANGELY;20.0;BOIS5;-42.0;AULN5;-42.0;SSANG;32.0;;
NOUVELLE-AQUITAINE;VALDI;VALDIVIENNE;63.0;VALDI;-32.0;SSJOU;-31.0;MTMOR;-22.0;;
NOUVELLE-AQUITAINE;BELIEL31MASQU;LIAISON 63kV N0 1 BELIET-MASQUET;26.0;BELIE;-69.0;HOSTE;-26.0;;;;
NOUVELLE-AQUITAINE;CANTE;CANTEGRIT;13.0;CANTE;-28.0;MIMI5;-28.0;RESOL;-27.0;;
NOUVELLE-AQUITAINE;CANTEL31GAREI;LIAISON 63kV N0 1 CANTEGRIT-GAREIN;11.0;GAREI;-80.0;IRANG;-29.0;RQFOR;-33.0;;
NOUVELLE-AQUITAINE;RQFORL31ZIRAN;LIAISON 63kV N0 1 GAREIN - IRANGER (L) - ROQUEFORT;4.0;IRANG;-67.0;GAREI;-20.0;;;;
NOUVELLE-AQUITAINE;M.MARL31NAOUT;LIAISON 63kV N0 1 MONT-DE-MARSAN-NAOUTOT;14.0;M.MAR;-29.0;RQFOR;-22.0;IRANG;-20.0;;
NOUVELLE-AQUITAINE;M.MARL32NAOUT;LIAISON 63kV N0 2 MONT-DE-MARSAN-NAOUTOT;13.0;M.MAR;-61.0;RQFOR;-47.0;IRANG;-45.0;;
NOUVELLE-AQUITAINE;R.LANL31ZCOUG;LIAISON 63kV N0 1 COUGNALA - DAX - RION-DES-LANDES;46.0;R.LAN;-29.0;;;;;;
NOUVELLE-AQUITAINE;COTE L42ZAGE;RES. LIAISON 90kV N0 2 COTE (LA) - PIQUAGE AGE (EX COTEZ42V.GRA);35.0;SOUTE;-35.0;MAGN5;-33.0;BONIC;-25.0;;
OCCITANIE;ESPO5L31ZFAUG;LIAISON 63kV N0 1 BEDARIEUX - ESPONDEILHAN - FAUGERES;4.0;ESPO5;22.0;RUFFE;-20.0;LODEV;-12.0;;
OCCITANIE;H.VERL31M.NOU;LIAISON 63kV N0 1 HAUT-VERNET (LE)-MAS-NOU;5.0;M.NOU;-33.0;SALAN;-33.0;CABA5;-31.0;;
OCCITANIE;V.FEZL31ZCOND;LIAISON 63kV N0 1 CONDOM-MONTREAL-VIC-FEZENSAC;39.0;ZCOND;-63.0;MTREA;-54.0;BRETA;-54.0;;
OCCITANIE;I.DODL31SEMEZ;LIAISON 63kV N0 1 ISLE-EN-DODON (L)-SEMEZIES;7.0;I.DOD;-63.0;B.GES;-61.0;PALAM;-42.0;;
OCCITANIE;BOULBL31CINTE;LIAISON 63kV N0 1 BOULBONNE-CINTEGABELLE;14.0;BOULB;-51.0;SAVE5;-37.0;PEBER;-15.0;;
PROVENCE-ALPES-CÔTE D'AZUR;ORAISL61SISTE;LIAISON 225kV N0 1 ORAISON-SISTERON;140.0;SISTE;-99.0;BLAUX;-98.0;VENTA;-98.0;;
BRETAGNE;JOSSEL31MERDR;LIAISON 63kV N0 1 JOSSELIN-MERDRIGNAC;1.0;MERDR;-100.0;;;;;;
BRETAGNE;KERBOL31PTIVY;LIAISON 63kV N0 1 KERBOQUET-PONTIVY;5.0;PTIVY;47.0;KERBO;-41.0;CREDI;-29.0;;
PAYS DE LA LOIRE;DISTRL41ZMERO;LIAISON 90kV N0 1 DISTRE-MERON-THOUARS;63.0;MERON;-67.0;THOUA;-44.0;AIRVA;-10.0;;
PAYS DE LA LOIRE;V.JUHL41ZTOUA;LIAISON 90kV N0 1 ALENCON - FRESNAY - VILLAINES-LA-JUHEL;35.0;FRESN;42.0;V.JUH;-31.0;ALENC;26.0;;
CENTRE-VAL DE LOIRE;VOVESL41ZB.PR;LIAISON 90kV N0 1 DAMBRON - VOVES - BOIS PRINCE (LE);73.0;VOVES;-54.0;B.PRI;50.0;AUNEA;-33.0;;
CENTRE-VAL DE LOIRE;MUSSAL42VLEME;LIAISON 90kV N0 2 MUSSAY-VILLEMENT;68.0;VLEME;-29.0;DEOLS;-16.0;MADRO;-15.0;;
CENTRE-VAL DE LOIRE;AUVILL41SARAN;LIAISON 90kV N0 1 AUVILLIERS-SARAN;65.0;AUVIL;-35.0;SARAN;30.0;ARTEN;-19.0;;
CENTRE-VAL DE LOIRE;CHAI5L42CORDY;LIAISON 90kV N0 2 CHAINEAU (LA)-CORDY;47.0;CHAI5;-40.0;L.BEU;30.0;BOURG;-21.0;;
CENTRE-VAL DE LOIRE;C.RENL41ZTERT;LIAISON 90kV N0 1 CHATEAU-RENAULT - TERTRE - VENDOME;40.0;C.REN;-46.0;TERTR;34.0;MONNA;-24.0;;
CENTRE-VAL DE LOIRE;BUIS L41MARMA;LIAISON 90kV N0 1 BUIS (LES)-MARMAGNE;18.0;BUIS;-61.0;VENES;-61.0;BIGNY;-59.0;;
CENTRE-VAL DE LOIRE;BONN7L41CTAUD;LIAISON 90kV N0 1 BONNEVAL-CHATEAUDUN;5.0;CTAUD;-61.0;MOISY;-38.0;BONN7;24.0;;
CENTRE-VAL DE LOIRE;BOURGL41VIERZ;LIAISON 90kV N0 1 BOURG (LE)-VIERZON;5.0;VIERZ;34.0;BOURG;-32.0;VERDI;-27.0;;
CENTRE-VAL DE LOIRE;L.BEUL41RELAI;LIAISON 90kV N0 1 LAMOTTE BEUVRON-RELAIS (LES);4.0;L.BEU;-37.0;CHAI5;-20.0;BOURG;-11.0;;
CENTRE-VAL DE LOIRE;ANGELL42ZVOUZ;LIAISON 90kV N0 2 ANGELIQUE - CORDY - VOUZON;4.0;L.BEU;-34.0;CHAI5;-18.0;BOURG;-16.0;;
AUVERGNE-RHÔNE-ALPES;ENVALL31ZSSRO;LIAISON 63kV N0 1 ENVAL-ST-PIERRE-ROCHE-ST-SAUVES;16.0;SSSAU;-48.0;VOING;-47.0;;;;
AUVERGNE-RHÔNE-ALPES;BZNE L31V.LAN;LIAISON 63kV N0 1 BOURNE (LA)-VILLARD-DE-LANS;1.0;P.ROY;-96.0;SSMC5;95.0;;;;
BOURGOGNE-FRANCHE-COMTÉ;J.VILL61ZTONN;LIAISON 225kV N0 1 JOUX-LA-VILLE - SEREIN - TONNERRE;152.0;J.VIL;-74.0;VIGNE;-74.0;AVALL;-67.0;;
BOURGOGNE-FRANCHE-COMTÉ;AVALLL61VNOL;LIAISON 225kV N0 1 AVALLON-VIGNOL;118.0;AVALL;-41.0;C.VE5;-41.0;VNOL;40.0;;
BOURGOGNE-FRANCHE-COMTÉ;PUSY L61ZRIGO;LIAISON 225kV N0 1 PUSY - RIGOTTE (LA) - ROLAMPONT;33.0;MALVI;-72.0;RIGOT;-30.0;ROLAM;-22.0;;
BOURGOGNE-FRANCHE-COMTÉ;DARCEL31SEIGN;LIAISON 63kV N0 1 DARCEY - SEIGNY;10.0;MTBAR;-28.0;VENAR;-15.0;DARCE;11.0;;
BOURGOGNE-FRANCHE-COMTÉ;SEIGNL32SSBAR;LIAISON 63kV N0 2 SEIGNY-STE-BARBE;7.0;SEIGN;39.0;MTBAR;-20.0;VENAR;-15.0;;
BOURGOGNE-FRANCHE-COMTÉ;ANNAYL31TONNE;LIAISON 63kV N0 1 ANNAY-TONNERRE;4.0;ANNAY;-63.0;CRAIE;-63.0;GERMI;9.0;;
GRAND EST;FRONCL31JOINV;LIAISON 63kV N0 1 FRONCLES-JOINVILLE;46.0;JOINV;-69.0;BAYAR;-38.0;BROUS;-31.0;;
GRAND EST;CXSSEL31ZBASI;LIAISON 63kV N0 1 BASIN-CHAUSSEE (LA)-MAROLLES;44.0;MAROL;26.0;CXSSE;-20.0;COMPE;-15.0;;
GRAND EST;VERTUL41ZCUBR;LIAISON 90kV N0 1 CUBRY (LE) - DAMERY - VERTUS;42.0;VERTU;-49.0;AULNA;-37.0;CUBRY;35.0;;
GRAND EST;CXSSEL61REVIG;LIAISON 225kV N0 1 CHAUSSEE (LA)-REVIGNY;37.0;CXSSE;-50.0;POTEA;-50.0;RECY;-32.0;;
GRAND EST;L.BARL31ZT.BA;LIAISON 63kV N0 1 CHANCENAY - LIGNY-EN-BARROIS - RHOVYL;30.0;L.BAR;-49.0;RHOVY;40.0;CHAN6;1.0;;
GRAND EST;MOHONL31P.TER;LIAISON 63kV N0 1 MOHON-POIX TERRON;23.0;P.TER;-81.0;LIART;-35.0;MOHON;4.0;;
GRAND EST;MUREML61ZEPIZ;LIAISON 225kV N0 1 FRONCLES - EPIZON - MUREMONT;20.0;EPIZO;-50.0;MUREM;40.0;FRONC;-37.0;;
GRAND EST;BAZANL31ZN.SU;LIAISON 63kV N0 1 BAZANCOURT  - RETHEL- NEPELLIER;18.0;NEPEL;-34.0;RETHE;-27.0;BAZAN;14.0;;
GRAND EST;AMELEL31SAUL5;LIAISON 63kV N0 1 AMELECOURT - SAULNOIS;16.0;AMELE;-73.0;DIEUZ;-44.0;LAND5;-18.0;;
GRAND EST;F.CHAL41SEZAN;LIAISON 90kV N0 1 FERE-CHAMPENOISE-SEZANNE;8.0;SEZAN;41.0;F.CHA;-39.0;AULNA;-35.0;;
GRAND EST;M.SEIL41SEZAN;LIAISON 90kV N0 1 MERY-SUR-SEINE-SEZANNE;8.0;SEZAN;-61.0;F.CHA;-36.0;AULNA;-33.0;;
GRAND EST;LAND5L31SSAVO;LIAISON 63kV N0 1 LANDROFF-ST-AVOLD;6.0;LAND5;-42.0;DIEUZ;-28.0;AMELE;-13.0;;
GRAND EST;BOLO5L31FRONC;LIAISON 63kV N0 1 BOLOGNE(FORGES)-CHAUMONT-FRONCLES;3.0;CXMO5;-51.0;BASS6;-30.0;M.ROI;-26.0;;
GRAND EST;CRENEL61ZP.V5;LIAISON 225kV N0 1 CRENEY - PONT-LA-VILLE - ROLAMPONT;2.0;P.VIL;-78.0;ROLAM;-65.0;RIGOT;-57.0;;
GRAND EST;BOLO5L31CXMO5;LIAISON 63kV N0 1 BOLOGNE(FORGES)-CHAUMONT-FRONCLES;1.0;CXMO5;-53.0;BASS6;-31.0;M.ROI;-27.0;;
HAUTS-DE-FRANCE;MASTAL61PERIZ;LIAISON 225kV N0 1 MASTAING-PERIZET (LE);194.0;PERIZ;-59.0;BUSIG;-45.0;MTVAR;-39.0;;
HAUTS-DE-FRANCE;AIRAIL41ARGOE;LIAISON 90kV N0 1 AIRAINES-ARGOEUVES;55.0;AIRAI;-60.0;CROI5;-31.0;FOUIL;-8.0;;
HAUTS-DE-FRANCE;SOLESL31ZSOLE;LIAISON 63kV N0 1 FAMARS-PERIZET (LE)-SOLESMES;26.0;SOLES;-34.0;BRIAS;-32.0;CATEA;-24.0;;
HAUTS-DE-FRANCE;GAUC5L31ROISE;LIAISON 63kV N0 1 GAUCHY-ROISEL;22.0;ROISE;-59.0;HAM;-21.0;GAUC5;11.0;;
HAUTS-DE-FRANCE;GAVREL42MOFFL;LIAISON 90kV N0 2 GAVRELLE - MOFFLAINES;19.0;MOFFL;-59.0;ACHI5;-38.0;ACHIE;-38.0;;
HAUTS-DE-FRANCE;MORCHL61ZTRAN;LIAISON 225kV N0 1 MORCHIES - PERTAIN - TRANSLOY (LE);14.0;D.GAR;59.0;D.BRU;59.0;MORCH;59.0;;
HAUTS-DE-FRANCE;NOYONL31RIBEC;LIAISON 63kV N0 1 NOYON - RIBECHIM;12.0;NOYON;-49.0;RIBEC;40.0;CNREI;33.0;;
HAUTS-DE-FRANCE;CAMBRL31MQION;LIAISON 63kV N0 1 CAMBRAI-MARQUION;10.0;MQION;-44.0;CAMBR;21.0;PREMY;-18.0;;
HAUTS-DE-FRANCE;ROYE L31VAUVI;LIAISON 63kV N0 1 ROYE-VAUVILLERS (HARBONNIERES);10.0;VAUVI;-51.0;;;;;;
HAUTS-DE-FRANCE;CHOUYL31V.COT;LIAISON 63kV N0 1 CHOUY-VILLERS COTTERET;1.0;V.COT;47.0;CHOUY;-37.0;RUSSY;20.0;;
NOUVELLE-AQUITAINE;CONF6L41LONGC;LIAISON 90kV N0 1 CONFOLENS-LONGCHAMP (RUFFEC);21.0;CONF6;43.0;LONGC;-18.0;SSJUN;15.0;;
NOUVELLE-AQUITAINE;CPNACL41SSVI6;LIAISON 90kV N0 1 CHAMPAGNAC-ST-MARTIN-LE-VIEUX;2.0;CPNAC;-41.0;SSVI6;33.0;AUREN;18.0;;
NOUVELLE-AQUITAINE;LAITIL41ROM;LIAISON 90kV N0 1 LAITIER (LE) - ROM;74.0;ROM;-45.0;P.MOT;-45.0;LAITI;43.0;;
NOUVELLE-AQUITAINE;LAITIL41ZPIOU;LIAISON 90kV N0 1 ANCHE-VOULON - LAITIER (LE) - MINIERES (LES);5.0;A.VOU;82.0;MINIE;77.0;LUSIG;64.0;;
NOUVELLE-AQUITAINE;LOUBEL41ROCH7;LIAISON 90kV N0 1 LOUBERT-ROCHEFOUCAULD (LA);6.0;ROCH7;40.0;LOUBE;-38.0;CHABA;-30.0;;
NOUVELLE-AQUITAINE;NIORTL41ZCHA9;LIAISON 90kV N0 1 NIORT - SAINT-MAIXENT - TREVIN;29.0;SSMAI;-65.0;M.HER;-64.0;JAZEN;-34.0;;
NOUVELLE-AQUITAINE;MATHAL41SSANG;LIAISON 90kV N0 1 MATHA-ST-JEAN-D ANGELY;35.0;MATHA;-100.0;;;;;;
NOUVELLE-AQUITAINE;CXMONL41CXVIG;LIAISON 90kV N0 1 CHAUMONT (CHASSENEUIL-DU-POITOU)-CHAUVIGNY;7.0;CXVIG;65.0;FERRA;26.0;ROSNA;25.0;;
NOUVELLE-AQUITAINE;SSJOUL41VALDI;LIAISON 90kV N0 1 ST-LAURENT-DE-JOURDE-VALDIVIENNE;1.0;SSJOU;-100.0;;;;;;
NOUVELLE-AQUITAINE;LUXEYL31ZCAZ5;LIAISON 63kV N0 1 BAZAS-LUXEY-CAZALIS;14.0;LUXEY;-100.0;;;;;;
NOUVELLE-AQUITAINE;NAOUTL31ZPERQ;LIAISON 63kV N0 1 BARBOTAN - NAOUTOT - PERQUIE;24.0;PERQU;-100.0;BARBO;-93.0;;;;
NOUVELLE-AQUITAINE;TEMPLL31UNET;LIAISON 63kV N0 1 TEMPLE (LE)-UNET;7.0;UNET;-40.0;ROJA;-30.0;BETJA;-29.0;;
NOUVELLE-AQUITAINE;BRUCHL31NERAC;LIAISON 63kV N0 1 BRUCH-NERAC;32.0;NERAC;-75.0;MEZIN;-61.0;MTREA;-47.0;;
NOUVELLE-AQUITAINE;V.GRAL42ZAGE;LIAISON 90kV N0 2 SOUTERRAINE (LA) - VILLE-SOUS-GRANGE (LA) - AGE (L );35.0;SOUTE;-35.0;MAGN5;-33.0;BONIC;-25.0;;
NOUVELLE-AQUITAINE;CXVIGL41ZFORG;LIAISON 90kV N0 1 CHAUVIGNY-FERRANDE (LA)-JAUMES(LES)-MONTMORILLON;19.0;CXVIG;-37.0;FERRA;28.0;ROSNA;27.0;;
OCCITANIE;CESSEL31LIVIE;LIAISON 63kV N0 1 CESSE-LIVIERE;31.0;CESSE;-100.0;;;;;;
OCCITANIE;GESSEL31SSGEO;LIAISON 63kV N0 1 GESSE-ST-GEORGES;20.0;GESSE;-60.0;NENTI;-59.0;ORLU;-59.0;;
OCCITANIE;JALISL31SEMEZ;LIAISON 63kV N0 1 JALIS-SEMEZIES;12.0;SEMEZ;-76.0;I.DOD;-61.0;B.GES;-60.0;;
PROVENCE-ALPES-CÔTE D'AZUR;ORAISL61ZMEES;LIAISON 225kV N0 1 MEES (LES) - ORAISON - ST-AUBAN;102.0;MEES;-70.0;SSAUB;-54.0;SALIG;-53.0;;
PAYS DE LA LOIRE;LAVALL41ZASTI;LIAISON 90kV N0 1 ASTILLE-CRAON-LAVAL;46.0;ASTIL;-79.0;CRAON;-59.0;POUAN;-33.0;;
PAYS DE LA LOIRE;CORBIL41P.MAC;LIAISON 90kV N0 1 CORBIERE (LA)-PLESSIS-MACE;5.0;P.MAC;80.0;CORBI;-70.0;FREIG;65.0;;
CENTRE-VAL DE LOIRE;AUNEAL41MALAG;LIAISON 90kV N0 1 AUNEAU-MALAGUAY;114.0;AUNEA;-68.0;MALAG;50.0;VOVES;-45.0;;
CENTRE-VAL DE LOIRE;SARANL42ZCHIC;LIAISON 90kV N0 2 DAMBRON - SARAN - TOURNOISIS;63.0;SARAN;20.0;TOUR9;-16.0;ORGER;-16.0;;
CENTRE-VAL DE LOIRE;CORDYL41L.BEU;LIAISON 90kV N0 1 CORDY-LAMOTTE BEUVRON;47.0;CHAI5;-39.0;L.BEU;30.0;BOURG;-21.0;;
CENTRE-VAL DE LOIRE;FERRAL41ROUS6;LIAISON 90kV N0 1 FERRANDE (LA)-ROUSSINES;35.0;ROSNA;-33.0;FERRA;-33.0;MTMOR;-16.0;;
CENTRE-VAL DE LOIRE;BUIS L41ZTROU;LIAISON 90kV N0 1 BUIS (LES) - MARMAGNE - MAZIERES;28.0;BUIS;-39.0;VENES;-38.0;BIGNY;-37.0;;
CENTRE-VAL DE LOIRE;MUSSAL41ZCROI;LIAISON 90kV N0 1 GENEVRAIE (LA) - MUSSAY - VILLEMENT;15.0;VERDI;28.0;VLEME;-18.0;BOURG;13.0;;
CENTRE-VAL DE LOIRE;DAMBRL41ORGER;LIAISON 90kV N0 1 DAMBRON-ORGERES;13.0;ORGER;-100.0;;;;;;
